{"cameraMode":{"drawMode":2,"name":"Shaded Wireframe","section":"Shading Mode"},"sceneLighting":false,"audioPlay":false,"sceneViewState":{"showFog":true,"showMaterialUpdate":true,"showSkybox":false,"showFlares":true,"showImageEffects":true,"showParticleSystems":true},"in2DMode":false,"pivot":{"x":0.37272408604621889,"y":0.011004224419593811,"z":-0.016899585723876954},"rotation":{"x":-0.000040551974961999804,"y":0.9998841881752014,"z":-0.0149993896484375,"w":-0.0027035041712224485},"size":3.535533905029297,"orthographic":false}