{"cameraMode":{"drawMode":2,"name":"Shaded Wireframe","section":"Shading Mode"},"sceneLighting":false,"audioPlay":false,"sceneViewState":{"showFog":true,"showMaterialUpdate":true,"showSkybox":false,"showFlares":true,"showImageEffects":true,"showParticleSystems":true},"in2DMode":false,"pivot":{"x":0.14886879920959474,"y":-0.7759458422660828,"z":-0.03746604919433594},"rotation":{"x":-0.02280714362859726,"y":-0.00690112728625536,"z":0.000157447750098072,"w":-0.9997158646583557},"size":8.227241516113282,"orthographic":false}